"","p_val","avg_log2FC","pct.1","pct.2","p_val_adj"
"MS4A1",2.58453817781718e-12,8.46257920458623,0.053,0.001,5.16907635563436e-09
"FDCSP",0,7.83062532839187,0.865,0.012,0
"CCL19",0,7.20473455169152,0.866,0.02,0
"CCL21",0,6.99172130020147,0.866,0.021,0
"CD79B",8.82040780847881e-173,6.69755824104838,0.548,0.029,1.76408156169576e-169
"HLA-DRB5",3.46105905927535e-11,6.64313312727625,0.05,0.002,6.9221181185507e-08
"HLA-DRA",4.35175141230759e-252,6.56295348094506,0.827,0.035,8.70350282461518e-249
"VPREB3",1.32067210931531e-29,6.47392754017569,0.144,0.012,2.64134421863061e-26
"TCL1A",3.44714576816963e-56,6.41717235975451,0.254,0.024,6.89429153633927e-53
"CXCL13",0,6.40986838806319,0.866,0.018,0
"RCSD1",0,6.32475815754974,0.896,0.009,0
"CD79A",0,6.12530557948133,0.808,0.027,0
"IGLL1",1.88176954906409e-295,6.12334592280525,0.743,0.025,3.76353909812819e-292
"HLA-DQA1",2.42954033101539e-243,5.87740750148403,0.646,0.002,4.85908066203078e-240
"HAS1",0,5.86288212399652,0.839,0.02,0
"IL1RN",0,5.69019836324346,0.773,0,0
"GAPT",3.07669431355124e-247,5.52621326068796,0.652,0.002,6.15338862710248e-244
"REG1B",8.01541788233577e-51,5.51588055423016,0.278,0.008,1.60308357646715e-47
"HIST1H1D",8.34322938382635e-270,5.41093947674882,0.7,0.016,1.66864587676527e-266
"NCF1",0,5.38620079563063,0.929,0.009,0
"KIF25-AS1",9.1605072063347e-316,5.37956712641387,0.749,0.004,1.83210144126694e-312
"SLAMF7",2.44119246436134e-228,5.37748884876266,0.618,0,4.88238492872268e-225
"VPREB1",8.05671830501466e-40,5.35800806495127,0.205,0.027,1.61134366100293e-36
"PNLIP",1.05742800596199e-41,5.1943155259382,0.296,0.012,2.11485601192398e-38
"PPP1R14A",0,5.03682654077338,0.915,0.024,0
"HLA-DRB1",0,5.02579471022395,0.952,0.033,0
"IKZF1",1.24388246032168e-287,5.01776009851913,0.732,0.027,2.48776492064336e-284
"PTGDS",0,4.99975569977063,0.865,0.02,0
"SERPINA3",1.57237521641597e-286,4.95244422855406,0.711,0.012,3.14475043283194e-283
"CYBB",1.35148613236814e-291,4.90569977332229,0.724,0.02,2.70297226473628e-288
"PSMB9",4.69245796810819e-210,4.90124105096285,0.782,0.017,9.38491593621638e-207
"IFI16",0,4.87227313360539,0.967,0.051,0
"CD52",7.91479829844353e-82,4.84205661894911,0.35,0.028,1.58295965968871e-78
"C3",0,4.83727306426346,0.862,0.021,0
"CCL7",0,4.83407822071617,0.841,0.02,0
"FAM110D",0,4.78800973070903,0.843,0.022,0
"PDZK1IP1",1.95068412489756e-162,4.76495781082823,0.704,0.018,3.90136824979513e-159
"HLA-DPA1",3.36393213014644e-155,4.76292730006732,0.71,0.016,6.72786426029289e-152
"IL6",0,4.75414043480215,0.865,0.022,0
"ICAM1",0,4.74749147239581,0.865,0.032,0
"LST1",1.80981616721757e-250,4.72198608825239,0.667,0.021,3.61963233443514e-247
"SALL3",5.86708842844914e-299,4.70811076278044,0.725,0,1.17341768568983e-295
"MPEG1",6.8346647865393e-233,4.69042717138892,0.637,0.02,1.36693295730786e-229
"KYNU",1.08389546173641e-226,4.63484105400599,0.617,0.001,2.16779092347282e-223
"CSF3",9.81474682651546e-298,4.63213791316245,0.74,0.022,1.96294936530309e-294
"CCL4",7.56293509957477e-245,4.58224678036343,0.66,0.022,1.51258701991495e-241
"SERPINB2",5.60594246535998e-313,4.54902301298366,0.754,0.021,1.121188493072e-309
"ESM1",0,4.5153238638207,0.86,0.014,0
"CCL8",6.16175299669445e-303,4.51182741679131,0.737,0.016,1.23235059933889e-299
"CCL4L2",9.28744826874787e-270,4.43337990983006,0.685,0.001,1.85748965374957e-266
"PDPN",0,4.41266668965543,0.824,0.02,0
"PHOX2B",7.78150139843708e-32,4.39495114122394,0.143,0.007,1.55630027968742e-28
"RSPO3",0,4.39235963243831,0.866,0.023,0
"PTGS2",0,4.34731558346414,0.867,0.036,0
"CD74",0,4.31687962362175,0.976,0.101,0
"IFIT3",1.08793255214242e-320,4.31468339374764,0.838,0.028,2.17586510428485e-317
"DAPP1",1.82131231951926e-238,4.29388344711154,0.64,0.003,3.64262463903853e-235
"LCP1",0,4.2764293029282,0.816,0.032,0
"CCL11",0,4.27423519808817,0.858,0.018,0
"CTSS",0,4.26678543427046,0.893,0.028,0
"PRRX1",0,4.25407697917617,0.866,0.029,0
"CCL3L1",0,4.25330152886079,0.827,0.001,0
"CD53",0,4.2279718265865,0.925,0.025,0
"MUC13",6.66927992814574e-15,4.15367716919902,0.353,0.007,1.33385598562915e-11
"HIST1H3B",0,4.09328449153731,0.866,0.018,0
"LDLRAD4",3.69245879318193e-212,4.07708806655988,0.78,0.029,7.38491758636385e-209
"ITGB2",3.48852680567161e-231,4.07595377207161,0.624,0.001,6.97705361134322e-228
"IL3RA",0,4.06346544271902,0.867,0.025,0
"CCR7",0,4.04810674824271,0.799,0.025,0
"GNG11",9.88131291682493e-323,4.01806631574779,0.846,0.032,1.97626258336499e-319
"LINC01099",0,4.01224753301075,0.768,0,0
"LRG1",2.16268968415264e-168,3.9930939249746,0.711,0.021,4.32537936830527e-165
"MEF2C",0,3.98875426768988,0.939,0.045,0
"IL1B",0,3.95757088247921,0.868,0.024,0
"HLA-DQB1",1.31964682161512e-238,3.93393567574548,0.666,0.03,2.63929364323024e-235
"S100A8",1.07793549663682e-231,3.90872377277135,0.641,0.017,2.15587099327363e-228
"LSP1",0,3.90013955335259,0.796,0.011,0
"IFITM2",0,3.89167073135047,0.926,0.054,0
"NUPR1",0,3.8849560532888,0.855,0.027,0
"IGFBP4",0,3.88187277336683,0.861,0.029,0
"CYP1A1",3.07272771763572e-97,3.84793468666728,0.363,0.018,6.14545543527145e-94
"LTB",1.16293767761585e-141,3.84632551201391,0.491,0.03,2.32587535523169e-138
"CCL2",0,3.83419863678508,0.871,0.072,0
"MYCT1",0,3.82184439413324,0.831,0.018,0
"PLEK",3.76160618958403e-239,3.78948051529152,0.647,0.017,7.52321237916806e-236
"RGS1",0,3.78083274038679,0.778,0.002,0
"IFIT1",1.63150061151808e-173,3.77807183459576,0.724,0.01,3.26300122303615e-170
"TGM2",6.94506516206154e-277,3.77036319670949,0.793,0.017,1.38901303241231e-273
"MX1",1.71223016043157e-27,3.75406267162339,0.579,0.025,3.42446032086314e-24
"S100A12",1.38920545476185e-224,3.75223397900039,0.611,0,2.77841090952371e-221
"SOX18",8.42455866768085e-258,3.7444259108809,0.676,0.017,1.68491173353617e-254
"CXCL14",0,3.70942151167332,0.865,0.024,0
"TNFAIP6",0,3.67168766481205,0.866,0.034,0
"CCL3",0,3.66508667429595,0.867,0.021,0
"TNC",0,3.66038001944086,0.866,0.027,0
"ADAMTS9",0,3.64586623005474,0.867,0.03,0
"IFITM3",0,3.60362307600485,0.876,0.055,0
"CBS",4.33130487294266e-152,3.57898082864452,0.686,0.002,8.66260974588533e-149
"FAM43A",0,3.56508632935501,0.879,0.037,0
"SPTA1",4.47195760734143e-09,3.52662082762553,0.043,0.003,8.94391521468285e-06
"CTRC",9.30004734944238e-26,3.49847817329442,0.338,0.06,1.86000946988848e-22
"TNFRSF10B",0,3.49821652552442,0.867,0.035,0
"ZEB2",0,3.49416425263126,0.954,0.071,0
"APOD",1.05467132089963e-303,3.45888680362224,0.805,0.02,2.10934264179926e-300
"ADAMDEC1",5.16943775487985e-227,3.4414264615118,0.615,0,1.03388755097597e-223
"IL2RA",2.12670965970771e-245,3.43402185411835,0.648,0.002,4.25341931941541e-242
"KIRREL3",6.04428232080012e-227,3.42319219545378,0.752,0.001,1.20885646416002e-223
"IL32",0,3.39643198318074,0.869,0.073,0
"PHOX2A",1.2662987610082e-34,3.3902571783511,0.143,0,2.5325975220164e-31
"SLC22A1",9.92589626232496e-234,3.38580329268706,0.76,0.01,1.98517925246499e-230
"HES5",3.30280239481782e-277,3.38062652709737,0.72,0.028,6.60560478963564e-274
"BIRC3",0,3.37509911350877,0.887,0.048,0
"ZFP36L1",0,3.34302582296344,0.938,0.087,0
"PHACTR1",0,3.33458338532327,0.937,0.079,0
"XIRP1",0,3.32811106777748,0.798,0.009,0
"REG3A",0,3.32129157972308,0.77,0,0
"DIO3",0,3.29924988716557,0.866,0.026,0
"ARHGDIB",1.29561143663773e-218,3.28218937989643,0.866,0.098,2.59122287327545e-215
"FIBIN",0,3.27253565066375,0.864,0.016,0
"CLEC7A",9.11868522748806e-239,3.26947760093466,0.635,0,1.82373704549761e-235
"MSN",0,3.26280852336731,0.881,0.042,0
"HLA-DPB1",0,3.23650582592317,0.953,0.083,0
"CCR1",1.08766149803e-223,3.19892627586431,0.616,0.003,2.17532299606e-220
"CLEC2B",6.18108209431441e-174,3.18814768999639,0.73,0.026,1.23621641886288e-170
"TDO2",0,3.13971625896783,0.865,0.021,0
"LRRC38",0,3.13539261783913,0.862,0.011,0
"IL1RL1",0,3.11896070407856,0.867,0.035,0
"CXCL2",0,3.11274606563208,0.869,0.103,0
"TNFRSF1B",2.33156248432769e-282,3.0950341703829,0.715,0.022,4.66312496865538e-279
"CYP1B1",0,3.09187869218884,0.842,0.034,0
"PLTP",0,3.08883627340987,0.861,0.018,0
"PLA2G7",0,3.07720998386335,0.862,0.021,0
"PRSS1",2.84084954151657e-12,3.06034527369216,0.567,0.193,5.68169908303315e-09
"MS4A7",1.32320141074105e-224,3.03430073293678,0.622,0.005,2.64640282148209e-221
"CLDN5",1.35374581487191e-179,3.03393750787319,0.726,0.014,2.70749162974382e-176
"CRYBA4",1.86521508343375e-39,3.03317124953847,0.162,0,3.73043016686751e-36
"PLA2G1B",1.84954179555906e-18,3.00711946859661,0.351,0.034,3.69908359111812e-15
"IGFN1",0,2.9398393047738,0.864,0.021,0
"CCL20",0,2.93254118034228,0.827,0.035,0
"APOBEC3A",3.16223251654724e-223,2.93045340976744,0.611,0.001,6.32446503309449e-220
"HLA-B",1.33404762749324e-133,2.92901449307269,0.837,0.242,2.66809525498648e-130
"TNFAIP8",6.75992153198948e-219,2.91226122526834,0.811,0.074,1.3519843063979e-215
"ICAM3",9.19357963653311e-130,2.91055637204335,0.694,0.027,1.83871592730662e-126
"TNFAIP2",0,2.90955254790078,0.867,0.058,0
"KLK1",0,2.87195342488152,0.846,0.01,0
"NNMT",0,2.86916522041639,0.836,0.025,0
"TDRD9",1.28038461530526e-141,2.85559672741341,0.697,0.021,2.56076923061051e-138
"PNLIPRP1",4.30458182565877e-75,2.85321279112867,0.596,0.02,8.60916365131755e-72
"AGT",5.6521329800105e-172,2.84044424033187,0.152,0.009,1.1304265960021e-168
"CDC42EP1",0,2.82612119501006,0.867,0.037,0
"CD163",5.74215402292684e-261,2.82206532741232,0.68,0.018,1.14843080458537e-257
"ABCA1",0,2.80587644397009,0.857,0.035,0
"SOCS3",4.05057595260669e-316,2.78988830501572,0.869,0.102,8.10115190521338e-313
"PAPPA",0,2.78657490420991,0.847,0.022,0
"ISG20",2.1481584642804e-52,2.78034334556151,0.342,0.099,4.2963169285608e-49
"SERTAD4-AS1",2.67368186653582e-203,2.76694037719796,0.743,0.025,5.34736373307164e-200
"UST",0,2.74720362181393,0.855,0.003,0
"MEDAG",0,2.74384851305669,0.863,0.024,0
"BCL3",0,2.74078464072949,0.875,0.063,0
"GP2",4.03203163138291e-202,2.71193100792316,0.753,0.027,8.06406326276583e-199
"MYL4",1.39554351625721e-258,2.70781401196146,0.698,0.024,2.79108703251443e-255
"IKZF2",8.03760958088492e-299,2.7029041887687,0.858,0.066,1.60752191617698e-295
"LDHB",5.2690324974264e-256,2.69114329902844,0.861,0.077,1.05380649948528e-252
"AMY2B",4.29494392534055e-195,2.67353625032671,0.733,0.008,8.58988785068109e-192
"CALCB",1.88580592095858e-261,2.66959349178132,0.088,0.015,3.77161184191715e-258
"GPRC5A",0,2.6637033991102,0.867,0.047,0
"IL33",0,2.6613808586947,0.791,0.022,0
"CELA3B",6.04878831998031e-24,2.64873187873077,0.341,0.051,1.20975766399606e-20
"THBS1",0,2.64596166285852,0.87,0.077,0
"CD93",1.85782939913397e-303,2.63521614585013,0.822,0.026,3.71565879826795e-300
"CELA2B",0,2.6029441971078,0.849,0.008,0
"TSLP",0,2.60038905412194,0.866,0.028,0
"IL1A",1.27501105952791e-280,2.59499161295922,0.71,0.021,2.55002211905583e-277
"CCL14",2.29573638319044e-122,2.59322144806619,0.43,0.02,4.59147276638089e-119
"SPI1",2.7167361608283e-259,2.5798647537168,0.809,0.022,5.4334723216566e-256
"TOP2A",0,2.57208399249826,0.87,0.018,0
"CTRB2",9.5768567902859e-21,2.56509443191159,0.374,0.163,1.91537135805718e-17
"C5AR1",0,2.53299476396076,0.862,0.025,0
"PART1",8.41171035431882e-243,2.53231605221674,0.109,0.015,1.68234207086376e-239
"FLT1",0,2.52760606693809,0.872,0.032,0
"ZNF804B",0,2.52356445906946,0.771,0.01,0
"C1QA",1.72478176299607e-185,2.50860705508458,0.552,0.017,3.44956352599214e-182
"HIST1H1B",1.38590163088609e-36,2.48397151986796,0.158,0.003,2.77180326177219e-33
"SERTM1",1.69908745140796e-256,2.47950519968004,0.095,0.024,3.39817490281592e-253
"HLA-E",1.28238368490955e-70,2.45855045745991,0.728,0.227,2.5647673698191e-67
"TYMP",0,2.44120499700938,0.876,0.04,0
"SRGN",5.48558802868601e-304,2.43801355860738,0.832,0.037,1.0971176057372e-300
"CELA3A",2.36320317341898e-07,2.41236632922165,0.418,0.157,0.000472640634683796
"REG3G",0,2.41219702672106,0.859,0.021,0
"TRIM38",3.78697850578176e-84,2.41185048524184,0.686,0.043,7.57395701156352e-81
"MIR155HG",0,2.39213947143632,0.874,0.046,0
"ANGPTL2",0,2.39138410391283,0.862,0.027,0
"BCL2A1",0,2.39100940683147,0.86,0.029,0
"VAV3",3.27491262494472e-146,2.38973294355994,0.707,0.024,6.54982524988943e-143
"TNFRSF4",1.63688028410075e-278,2.38724283788268,0.702,0.003,3.2737605682015e-275
"S100A9",6.60419643378266e-182,2.37495031592806,0.708,0.037,1.32083928675653e-178
"LIF",0,2.36829676194061,0.866,0.026,0
"ENG",0,2.35782066939197,0.874,0.045,0
"LGALS3",0,2.35771953380799,0.867,0.051,0
"TCF4",3.63268041555164e-250,2.34684152263867,0.971,0.193,7.26536083110328e-247
"ACKR3",0,2.33860675015247,0.859,0.027,0
"MMP9",6.62000232664884e-251,2.33743411186176,0.767,0.025,1.32400046532977e-247
"SOCS2",2.98437610463723e-289,2.31750702466912,0.886,0.112,5.96875220927445e-286
"MFAP5",0,2.30969715433634,0.864,0.02,0
"ANGPTL4",9.51755943034235e-159,2.28699293724845,0.705,0.009,1.90351188606847e-155
"F2RL3",4.81601731949578e-25,2.28374910556022,0.358,0.02,9.63203463899157e-22
"IGF1",3.90630376721349e-241,2.27326565444991,0.754,0.018,7.81260753442697e-238
"TM4SF18",0,2.26844656973795,0.793,0.021,0
"ALDH1A3",5.42368815317289e-306,2.25832436719941,0.81,0.021,1.08473763063458e-302
"IL7R",0,2.25425844604833,0.891,0.038,0
"LINC00682",7.13464339476726e-34,2.25070958633853,0.149,0.004,1.42692867895345e-30
"LPAR6",0,2.22780508398919,0.869,0.038,0
"SAMSN1",1.36611127337688e-318,2.22210243961482,0.769,0.011,2.73222254675376e-315
"PLAT",0,2.22130105888682,0.867,0.04,0
"MSR1",0,2.2209373527297,0.777,0.002,0
"THBD",1.33787590688952e-314,2.21111003411486,0.839,0.039,2.67575181377903e-311
"KITLG",0,2.2088674330343,0.866,0.041,0
"IRF1",5.48264185650544e-258,2.19591039736958,0.935,0.233,1.09652837130109e-254
"PTX3",0,2.16323881829732,0.868,0.052,0
"TINAGL1",7.06107781038017e-165,2.13519614709376,0.714,0.027,1.41221556207603e-161
"FSTL3",0,2.13345592648924,0.862,0.032,0
"GATA2",0,2.12809122428125,0.864,0.036,0
"CPB1",1.46647131064351e-31,2.1239613001947,0.33,0.078,2.93294262128701e-28
"SERPINI2",0,2.08121776763283,0.861,0.013,0
"PDE4B",0,2.06850225471172,0.889,0.059,0
"ZNF385D",4.55358370257774e-212,2.06502275010769,0.754,0.024,9.10716740515549e-209
"LTA",0,2.06427438435629,0.87,0.027,0
"RUNX3",8.77463093443068e-291,2.06332767015947,0.745,0.032,1.75492618688614e-287
"CTSH",4.85159101457139e-94,2.05173595595457,0.652,0.022,9.70318202914278e-91
"HIST1H2BK",2.46812582328618e-22,2.03941535158649,0.342,0.018,4.93625164657236e-19
"NDUFA4L2",3.27401857972557e-272,2.03087061131818,0.792,0.02,6.54803715945114e-269
"CTHRC1",3.06675025271139e-194,2.03000747758796,0.753,0.033,6.13350050542278e-191
"SOX7",6.24374840666921e-166,2.0218181770938,0.716,0.029,1.24874968133384e-162
"KCNE4",0,2.02178012477111,0.866,0.039,0
"SYNDIG1",1.43175158242066e-06,2.00470079149094,0.488,0.022,0.00286350316484133
"SELE",1.72475713754203e-258,1.99796393894022,0.689,0.025,3.44951427508407e-255
"COL4A1",1.38755372240639e-318,1.98400216303793,0.869,0.076,2.77510744481278e-315
"PRKG1",0,1.9680687101803,0.859,0.04,0
"CSRP2",1.55681800580743e-269,1.96399322071024,0.88,0.118,3.11363601161486e-266
"CPA1",1.91164348545597e-19,1.9628702586334,0.627,0.264,3.82328697091195e-16
"CYBA",1.93540512272233e-273,1.95665025550184,0.95,0.152,3.87081024544467e-270
"COL8A1",0,1.95535921445895,0.849,0.011,0
"ALOX5AP",4.01798610405568e-55,1.93668296580393,0.305,0.036,8.03597220811136e-52
"ENTPD1",1.19352447191174e-11,1.93007648346287,0.052,0.002,2.38704894382348e-08
"DAB2",0,1.9285910997311,0.865,0.025,0
"BDKRB1",0,1.92811557065018,0.863,0.032,0
"ERP27",0,1.92790172462846,0.863,0.017,0
"TGFBR3",1.40199934712357e-199,1.91416899719334,0.749,0.022,2.80399869424713e-196
"AGXT",8.91002007924913e-233,1.9124423221344,0.631,0.003,1.78200401584983e-229
"CACNA2D3",0,1.91013667116419,0.85,0.012,0
"HIST1H2AH",0,1.90395470168794,0.788,0.025,0
"CDH5",3.18514594291875e-215,1.89632461456753,0.61,0.021,6.3702918858375e-212
"ISG15",6.07329234839181e-278,1.89108478724247,0.935,0.142,1.21465846967836e-274
"CHRNA3",1.64600498042945e-34,1.88777324305314,0.153,0.005,3.2920099608589e-31
"CCL22",2.39649091678946e-274,1.88647188077161,0.697,0.012,4.79298183357891e-271
"VIP",9.39539053720759e-211,1.86455466078543,0.588,0.001,1.87907810744152e-207
"CAMK1D",0,1.86325217031367,0.876,0.041,0
"PLAUR",0,1.84893746011163,0.867,0.068,0
"CREB3L1",1.09230780543817e-163,1.84838502746699,0.721,0.028,2.18461561087634e-160
"TCF15",4.34393245807405e-244,1.84726334148241,0.701,0.029,8.6878649161481e-241
"YBX3",5.66161111838517e-215,1.83614723672016,0.953,0.351,1.13232222367703e-211
"NRG1",0,1.83387170982171,0.85,0.048,0
"SLFN5",7.09697164756934e-90,1.81658348063242,0.695,0.071,1.41939432951387e-86
"COL15A1",5.39616985867413e-201,1.816256243024,0.742,0.026,1.07923397173483e-197
"SPC25",6.52581890385429e-205,1.81552951601641,0.125,0.012,1.30516378077086e-201
"PPY",4.75001101138108e-94,1.81252394299729,0.249,0.101,9.50002202276215e-91
"CALCA",1.10135134394151e-280,1.80636268768056,0.716,0.024,2.20270268788302e-277
"MGST1",0,1.79724723918445,0.845,0.014,0
"HMMR",0,1.78295262533435,0.867,0.027,0
"AC007319.1",0,1.77529049071982,0.823,0.018,0
"EMCN",3.09698292211004e-228,1.76912508389149,0.664,0.021,6.19396584422008e-225
"UNC5C",0,1.76589041209343,0.828,0.007,0
"RGS5",6.97449072234197e-219,1.7448155403778,0.764,0.035,1.39489814446839e-215
"DBP",7.178886755074e-93,1.74354492666093,0.229,0.032,1.4357773510148e-89
"CORO1A",2.97861235841194e-280,1.73803937264782,0.864,0.096,5.95722471682387e-277
"CDKN3",0,1.71497549473382,0.867,0.027,0
"CPA2",5.34903408964567e-242,1.71345910009391,0.87,0.143,1.06980681792913e-238
"CXCL3",1.32290207077687e-256,1.71272017252725,0.87,0.165,2.64580414155374e-253
"TYROBP",0,1.70797992755985,0.846,0.012,0
"FGL1",1.14789144121989e-45,1.70695429556217,0.283,0.005,2.29578288243977e-42
"ANXA1",0,1.6955590026774,0.87,0.037,0
"ADAM19",2.90105465925063e-319,1.69318207555224,0.81,0.029,5.80210931850126e-316
"CEBPD",1.93928980942271e-240,1.69202997416905,0.875,0.142,3.87857961884542e-237
"IGSF6",1.15727604402102e-230,1.68865167632459,0.653,0.025,2.31455208804204e-227
"IFI30",0,1.68670080193484,0.876,0.043,0
"TNFSF15",0,1.68191661882301,0.865,0.025,0
"FGL2",3.43301739150277e-221,1.66103172524858,0.616,0.005,6.86603478300554e-218
"PCDH9",1.90840821454754e-212,1.65329455863501,0.939,0.191,3.81681642909507e-209
"BCHE",1.80405625792216e-231,1.64196531098476,0.76,0.008,3.60811251584431e-228
"GPM6A",1.50069009455787e-206,1.63660440258868,0.745,0.024,3.00138018911575e-203
"B2M",1.97916821697041e-81,1.63236653344986,0.997,0.815,3.95833643394081e-78
"PRKAG2-AS1",1.03830988056828e-198,1.61979160363288,0.123,0.01,2.07661976113657e-195
"HSPB6",1.03358533109989e-320,1.61352616794792,0.835,0.039,2.06717066219978e-317
"IL1R1",2.05292575759723e-272,1.60797577529756,0.868,0.107,4.10585151519445e-269
"CLEC14A",1.29520433813275e-271,1.60151872970187,0.696,0.017,2.5904086762655e-268
"ID3",5.34055848674675e-273,1.59906461238602,0.929,0.205,1.06811169734935e-269
"CD96",1.79393702643106e-83,1.59413330098417,0.616,0.014,3.58787405286213e-80
"PTPRE",3.16112025627761e-307,1.58658031364561,0.907,0.088,6.32224051255522e-304
"MACC1",1.96526880743738e-25,1.58277465393769,0.343,0.047,3.93053761487476e-22
"KIAA0040",6.35869304728702e-228,1.58241841148852,0.864,0.116,1.2717386094574e-224
"CCL13",2.89993071108189e-183,1.58003325088065,0.55,0.018,5.79986142216379e-180
"PI3",1.61498830081236e-39,1.5778786288924,0.162,0,3.22997660162471e-36
"CRABP1",2.42262227746281e-56,1.56007132446744,0.235,0.007,4.84524455492563e-53
"NEAT1",2.61208223349716e-11,1.5464366543177,0.662,0.368,5.22416446699431e-08
"TNFRSF14",1.30075413068811e-43,1.54284201205502,0.312,0.034,2.60150826137621e-40
"TFPI",5.17517853948682e-252,1.54048589539537,0.869,0.133,1.03503570789736e-248
"APLNR",0,1.53828253913369,0.794,0.013,0
"CXCL5",6.74256274271676e-302,1.53658838906725,0.753,0.027,1.34851254854335e-298
"HIST1H1C",3.22701570833213e-07,1.5322981568224,0.47,0.165,0.000645403141666426
"AQP1",2.53802388077983e-292,1.52295144702583,0.816,0.024,5.07604776155967e-289
"CD83",1.37577234602685e-286,1.52178826535684,0.887,0.108,2.7515446920537e-283
"GPR183",0,1.51264119078594,0.865,0.027,0
"ANPEP",0,1.50998408451259,0.857,0.005,0
"CDKN2A",2.4742520955281e-207,1.49653657937947,0.124,0.012,4.94850419105619e-204
"SYT1",0,1.4892961286708,0.867,0.041,0
"CLC",0,1.48308786510526,0.778,0.002,0
"PAPPA2",5.33720883422609e-30,1.48184866437665,0.328,0.04,1.06744176684522e-26
"COTL1",9.54063818719184e-13,1.47094144178212,0.567,0.121,1.90812763743837e-09
"UBE2L6",1.38249063150742e-81,1.46974804496029,0.704,0.085,2.76498126301483e-78
"CTRL",2.72226735891588e-124,1.46668323801853,0.67,0.008,5.44453471783175e-121
"HES1",6.15340698283094e-244,1.46408868439982,0.87,0.162,1.23068139656619e-240
"ABI3BP",0,1.44407325826219,0.865,0.043,0
"NINJ1",6.70684193888801e-210,1.40874528836565,0.876,0.171,1.3413683877776e-206
"BHLHE40",5.50759711918417e-109,1.40215870867633,0.74,0.129,1.10151942383683e-105
"SNHG9",7.22636724051995e-135,1.40149058273991,0.82,0.23,1.44527344810399e-131
"KLF2",1.39791731803786e-236,1.39541374931959,0.905,0.157,2.79583463607571e-233
"PDZRN4",2.47857901801996e-217,1.39235479392727,0.696,0.022,4.95715803603991e-214
"FPR1",6.08455580210023e-222,1.39152526457792,0.611,0.002,1.21691116042005e-218
"CSF2RA",0,1.38790058054729,0.862,0.011,0
"PIK3C2G",6.87577953171651e-287,1.37842415130261,0.752,0.009,1.3751559063433e-283
"FAM129A",3.72493948701235e-96,1.37761168723216,0.645,0.018,7.4498789740247e-93
"ALB",8.78464257192666e-76,1.37397405647232,0.213,0.003,1.75692851438533e-72
"EMP3",3.83051878851756e-226,1.36241192888736,0.922,0.183,7.66103757703512e-223
"LAMP3",1.03753785626662e-321,1.35945617621182,0.766,0.018,2.07507571253324e-318
"RND1",2.40414777006996e-301,1.35476413766374,0.861,0.079,4.80829554013992e-298
"PNRC1",2.13886836860305e-127,1.34014720363422,0.932,0.454,4.2777367372061e-124
"HSF4",2.03486263801813e-257,1.33745085782601,0.078,0.005,4.06972527603625e-254
"CEBPB",1.44741076482659e-158,1.3366004250351,0.875,0.248,2.89482152965317e-155
"AMBP",1.18267171923384e-55,1.33468505583814,0.277,0.028,2.36534343846768e-52
"CXCL1",1.18742573862617e-290,1.33226238834767,0.868,0.097,2.37485147725234e-287
"SOD2",1.12158913663642e-99,1.33089875327422,0.889,0.437,2.24317827327285e-96
"GREM1",4.70281966950191e-307,1.30946739371679,0.853,0.052,9.40563933900381e-304
"BACE2",5.69242728864876e-91,1.30046564953502,0.662,0.049,1.13848545772975e-87
"S100A4",0,1.29879735783011,0.872,0.054,0
"PLIN5",3.09129894845111e-218,1.29485751920353,0.756,0.016,6.18259789690223e-215
"LINC00473",6.81774940862978e-207,1.29133228914507,0.125,0.016,1.36354988172596e-203
"THBS4",0,1.28205205567192,0.861,0.038,0
"TGFBI",1.07607497664223e-320,1.27680354844262,0.827,0.03,2.15214995328447e-317
"HLA-C",1.38522133126891e-20,1.27478002251739,0.719,0.276,2.77044266253781e-17
"PIM3",1.12119804662057e-74,1.26682866187381,0.818,0.399,2.24239609324114e-71
"FGF7",0,1.26547029247735,0.863,0.043,0
"CAV1",2.59134886554422e-289,1.26122809786665,0.867,0.093,5.18269773108845e-286
"ARPP21",1.51426215386738e-242,1.26047883033864,0.886,0.116,3.02852430773476e-239
"RARRES2",0,1.25802346697923,0.867,0.06,0
"HOXB2",1.63064264431161e-159,1.25780253079509,0.496,0.008,3.26128528862321e-156
"UNC5B",1.38267451095379e-178,1.25757437476414,0.734,0.025,2.76534902190758e-175
"G6PC2",1.6602858894938e-60,1.24890117546215,0.264,0.01,3.32057177898761e-57
"GLIPR1",8.44780362190828e-289,1.24361002858081,0.89,0.095,1.68956072438166e-285
"MYOCD",0,1.23236012243951,0.857,0.003,0
"TIGIT",4.47205859389803e-91,1.23011259916939,0.554,0.01,8.94411718779607e-88
"ZFP36",1.73632639810106e-124,1.22770552928036,0.885,0.304,3.47265279620212e-121
"TCHH",1.56931161466421e-303,1.22460453373361,0.757,0.026,3.13862322932841e-300
"EFNA1",1.31382187677929e-82,1.21819055649919,0.727,0.162,2.62764375355857e-79
"OSGIN1",1.02096143044118e-149,1.21673717448008,0.181,0.042,2.04192286088237e-146
"SYCN",6.24511274740736e-241,1.21443135220273,0.869,0.132,1.24902254948147e-237
"SPARCL1",0,1.20893355629476,0.867,0.037,0
"PLIN2",2.81633465851237e-117,1.20838257153881,0.772,0.155,5.63266931702473e-114
"MCTP1",3.7134926853314e-172,1.20792510433515,0.721,0.014,7.4269853706628e-169
"ACP5",1.12343396032143e-271,1.20214479755511,0.076,0.016,2.24686792064286e-268
"CTSC",1.77863632502849e-322,1.19932024350223,0.879,0.073,3.55727265005698e-319
"LINC01035",0,1.19875679797039,0.769,0.003,0
"FN1",0,1.19428090904343,0.861,0.047,0
"C9orf24",2.49807038813887e-06,1.1842089083975,0.396,0.034,0.00499614077627774
"AADAC",8.22851409909281e-268,1.17829029654011,0.682,0.001,1.64570281981856e-264
"TAGLN",0,1.17714045969995,0.867,0.059,0
"S100P",0,1.1758559741152,0.796,0.024,0
"RNASE1",1.78551315597841e-226,1.16504668556864,0.76,0.022,3.57102631195682e-223
"CALCRL",0,1.1635728702028,0.862,0.03,0
"CLPS",4.56586955889668e-11,1.16107218478412,0.926,0.698,9.13173911779335e-08
"PENK",0,1.15358093009358,0.857,0.025,0
"IGFBP3",6.08545246887229e-281,1.14942758548404,0.841,0.071,1.21709049377446e-277
"CD109",0,1.12876568320167,0.87,0.036,0
"PDE4C",1.36938195733606e-60,1.12006435676254,0.603,0.015,2.73876391467212e-57
"GZMB",5.67854482232129e-50,1.11499403054118,0.204,0.002,1.13570896446426e-46
"HLA-A",1.508006403256e-59,1.11391352268412,0.898,0.535,3.016012806512e-56
"SYNGR4",5.82195003747733e-143,1.11131860437202,0.182,0.022,1.16439000749547e-139
"GLA",5.67834675281079e-225,1.1007547335932,0.874,0.15,1.13566935056216e-221
"RNF213",6.32690462556459e-13,1.09379090713339,0.646,0.193,1.26538092511292e-09
"POSTN",0,1.09278208638024,0.867,0.042,0
"CRH",9.33225955734609e-14,1.09043921759883,0.371,0.047,1.86645191146922e-10
"UACA",1.10924989617292e-294,1.0699591939548,0.866,0.087,2.21849979234585e-291
"PHGDH",3.91450354006454e-25,1.05575806228843,0.612,0.129,7.82900708012908e-22
"MEOX1",6.0889960883258e-248,1.05525929955214,0.66,0.005,1.21779921766516e-244
"OLR1",6.08455580210023e-222,1.05209585089606,0.611,0.002,1.21691116042005e-218
"PYCARD",1.98846936617839e-299,1.05136646783783,0.893,0.078,3.97693873235678e-296
"CEL",3.9237839995302e-218,1.04054750374731,0.871,0.153,7.84756799906041e-215
"STC2",2.11609337067719e-289,1.03974868078505,0.866,0.09,4.23218674135438e-286
"IGFBP7",3.57619180948987e-49,1.03966950581167,0.704,0.241,7.15238361897974e-46
"RBPMS",2.02928944607634e-267,1.03501676802427,0.867,0.109,4.05857889215269e-264
"IL4I1",1.23911167791681e-261,1.03363881859626,0.692,0.023,2.47822335583363e-258
"METTL7A",4.57747890563987e-175,1.0331194284278,0.152,0.03,9.15495781127974e-172
"CENPW",6.91691904177745e-323,1.03120531603615,0.845,0.037,1.38338380835549e-319
"ACTA2",0,1.01202110611357,0.864,0.029,0
"ERBB4",0,1.01134796810525,0.775,0.013,0
"TFPI2",1.1674997622551e-251,0.999671914882097,0.868,0.154,2.33499952451021e-248
"FHIT",1.6693864693728e-95,0.995856036756467,0.708,0.078,3.33877293874561e-92
"NRG3",1.79617851305889e-154,0.989654243878536,0.701,0.021,3.59235702611778e-151
"CELF2",1.70313347151883e-71,0.974112279800717,0.311,0.115,3.40626694303766e-68
"FCER1G",1.15930193820273e-275,0.963674658131614,0.715,0.026,2.31860387640546e-272
"LDHA",2.71226331268194e-86,0.956208953059261,0.836,0.297,5.42452662536388e-83
"TNFAIP3",2.45760549542857e-149,0.95572615460116,0.882,0.259,4.91521099085714e-146
"GIMAP7",8.16959062054653e-223,0.950194767876362,0.628,0.023,1.63391812410931e-219
"CD8A",6.13793991907144e-187,0.948244132739996,0.727,0.011,1.22758798381429e-183
"VMO1",0,0.946855145731241,0.804,0.015,0
"C1QB",2.96481192396865e-183,0.946800704425153,0.55,0.018,5.9296238479373e-180
"ANK1",0,0.94616143348402,0.845,0.028,0
"CPNE4",9.88688743124581e-07,0.940200749916532,0.48,0.01,0.00197737748624916
"KCNIP4",8.70026993992363e-200,0.932153046683628,0.687,0.004,1.74005398798473e-196
"LYVE1",0,0.925365915626908,0.863,0.025,0
"FKBP11",8.13284242035857e-67,0.916284549044133,0.727,0.193,1.62656848407171e-63
"SPOCK3",2.00397075671281e-27,0.910336430229552,0.334,0.035,4.00794151342562e-24
"CD14",3.64252738031025e-161,0.895398539053233,0.168,0.042,7.2850547606205e-158
"CATSPERB",2.80909652971576e-59,0.893940271507488,0.552,0.008,5.61819305943152e-56
"CCK",5.28968869894836e-18,0.892704394219572,0.535,0.042,1.05793773978967e-14
"PARVB",9.33701482898281e-13,0.880621812035446,0.402,0.116,1.86740296579656e-09
"PLVAP",3.71987027522932e-190,0.877427354478127,0.729,0.016,7.43974055045864e-187
"CD44",5.46268960248893e-97,0.876558482774969,0.825,0.249,1.09253792049779e-93
"FRMD4A",2.33812102462577e-268,0.861803499009738,0.856,0.092,4.67624204925154e-265
"RPS16",3.33832485134239e-192,0.835930439262553,0.998,0.99,6.67664970268478e-189
"TYMS",0,0.833849999898108,0.858,0.035,0
"CFP",0,0.82441894826579,0.826,0.027,0
"GBP2",5.06270638857091e-82,0.822710811831895,0.64,0.034,1.01254127771418e-78
"CH25H",0,0.817963887142567,0.839,0.024,0
"CKS2",8.16342028631164e-234,0.809221739390179,0.885,0.141,1.63268405726233e-230
"SOD3",8.91617156551919e-171,0.805541745952193,0.735,0.033,1.78323431310384e-167
"AGPAT5",7.70560467987388e-09,0.798018160068166,0.663,0.326,1.54112093597478e-05
"HES4",2.6596041571782e-177,0.793775369381007,0.867,0.171,5.31920831435639e-174
"TNFSF10",1.1243763152889e-129,0.793541341848801,0.201,0.03,2.2487526305778e-126
"DLGAP5",1.84506790859447e-53,0.782323576150783,0.201,0.002,3.69013581718895e-50
"NCOA7",4.29333953159237e-104,0.78091111118372,0.854,0.274,8.58667906318473e-101
"TNFAIP8L1",1.9503509613121e-304,0.779995777253423,0.848,0.046,3.9007019226242e-301
"RPL36A",6.46682995399827e-65,0.779473008526981,0.978,0.825,1.29336599079965e-61
"UCP2",1.87966894371154e-163,0.779277218284819,0.933,0.221,3.75933788742309e-160
"PGF",3.95252516672997e-323,0.779066475744913,0.866,0.07,7.90505033345994e-320
"HIST1H4C",2.32920513104608e-21,0.773658492103403,0.718,0.307,4.65841026209217e-18
"RGS16",6.82673296664637e-164,0.767541548937739,0.864,0.2,1.36534659332927e-160
"RPS19",6.51285742580622e-92,0.767181372166586,1,0.985,1.30257148516124e-88
"RPL26",3.54842618193713e-125,0.763961563145763,1,0.987,7.09685236387425e-122
"TAF9",1.83598389781349e-09,0.74525547753806,0.676,0.375,3.67196779562698e-06
"PDGFB",0,0.738198842695037,0.866,0.047,0
"FAM198B",0,0.73492343341195,0.856,0.005,0
"PCDH15",1.21518147518846e-107,0.734568061090014,0.658,0.022,2.43036295037692e-104
"JUNB",1.37077038165932e-20,0.718350432294648,0.885,0.712,2.74154076331865e-17
"LDB2",1.20479497687732e-152,0.712062416168515,0.718,0.042,2.40958995375464e-149
"PLK1",0,0.707119500721188,0.862,0.032,0
"TACSTD2",2.4055970970596e-235,0.701002500151126,0.853,0.112,4.8111941941192e-232
"RPL39",2.81598261633954e-96,0.697835404174377,0.998,0.986,5.63196523267909e-93
"RPL10",1.71074661025139e-98,0.6806509155317,1,0.988,3.42149322050278e-95
"CLTCL1",8.73212473948887e-134,0.678728325494528,0.658,0.004,1.74642494789777e-130
"PPP1R3E",2.57098788293832e-138,0.676201342602715,0.751,0.091,5.14197576587663e-135
"PDLIM2",1.42374302192184e-37,0.669697211820608,0.336,0.088,2.84748604384368e-34
"TGIF1",3.09427779638916e-241,0.669474954551631,0.883,0.134,6.18855559277831e-238
"MKI67",1.49356862910518e-315,0.664960437728355,0.768,0.018,2.98713725821037e-312
"TTN",8.50610549436659e-178,0.650044846862394,0.765,0.05,1.70122109887332e-174
"TP53",1.53397774183846e-244,0.646047186127477,0.875,0.118,3.06795548367691e-241
"SIX3",9.03931846136636e-292,0.644452116256016,0.029,0.017,1.80786369227327e-288
"NFKBIA",7.90611293846638e-71,0.639466818783776,0.91,0.63,1.58122258769328e-67
"MECOM",1.99385535797453e-310,0.63885807894411,0.851,0.055,3.98771071594907e-307
"PLCE1",1.76535378164161e-20,0.637329705352065,0.358,0.057,3.53070756328321e-17
"SNHG7",1.28654381236457e-17,0.629351218071926,0.768,0.418,2.57308762472914e-14
"BCAT1",1.29209317671705e-299,0.625372613308329,0.876,0.086,2.58418635343409e-296
"ZNF555",3.68121581486403e-90,0.624542816390586,0.259,0.115,7.36243162972807e-87
"HSPB8",0,0.61967299969387,0.865,0.054,0
"FICD",1.45499199212168e-59,0.618563208150332,0.298,0.097,2.90998398424336e-56
"TMEM256",3.503388465722e-40,0.612041186858376,0.708,0.196,7.006776931444e-37
"OBSCN",0,0.606402773034297,0.856,0.028,0
"CXCL17",6.91781204024383e-44,0.60589008534758,0.013,0.02,1.38356240804877e-40
"IL10",1.21810837285853e-187,0.601604814281093,0.565,0.022,2.43621674571707e-184
"CENPF",3.88709070428791e-131,0.600325701192401,0.445,0.014,7.77418140857583e-128
"CLEC10A",3.08132770673426e-36,0.59993399886174,0.15,0,6.16265541346852e-33
"TPT1",2.62146914057715e-120,0.598232646063964,1,1,5.2429382811543e-117
"FBP1",1.53587469009116e-125,0.591330422491803,0.692,0.035,3.07174938018233e-122
"IKZF4",2.16944981580537e-111,0.589064966682981,0.749,0.127,4.33889963161075e-108
"PCDHB4",3.1759618480684e-185,0.578409999559387,0.136,0.021,6.35192369613681e-182
"ANK2",2.40061957296222e-21,0.575102401311563,0.368,0.086,4.80123914592444e-18
"PPP1R15A",1.87864255424266e-26,0.57058672013248,0.889,0.864,3.75728510848533e-23
"PABPC4",4.06450377252921e-53,0.568787506717963,0.889,0.445,8.12900754505842e-50
"ATF5",9.14255470159345e-24,0.568394005731758,0.389,0.157,1.82851094031869e-20
"RPS18",2.24375760612228e-73,0.565185415802101,0.999,0.993,4.48751521224457e-70
"EIF2S3",1.4780512243626e-76,0.562230153595554,0.935,0.359,2.9561024487252e-73
"KAZN",1.24008288855774e-139,0.559349464383465,0.754,0.095,2.48016577711548e-136
"C9orf116",4.69852252642294e-128,0.558286332857137,0.213,0.107,9.39704505284588e-125
"MTHFD2",6.84231523649869e-118,0.557736952292749,0.847,0.238,1.36846304729974e-114
"C1QBP",1.09728004842758e-09,0.557240379773073,0.712,0.404,2.19456009685516e-06
"ANGPT2",1.55748901104369e-264,0.540776862932483,0.871,0.116,3.11497802208737e-261
"RPL17",6.83035048015577e-29,0.540707791388612,0.975,0.817,1.36607009603115e-25
"TIPARP",3.2154191834172e-64,0.536132605578646,0.878,0.43,6.4308383668344e-61
"CDKN1A",2.3831403994171e-92,0.535239276682285,0.846,0.279,4.7662807988342e-89
"TRIM16L",1.15637718418789e-208,0.531532416191718,0.764,0.039,2.31275436837577e-205
"FABP4",1.05086276125466e-281,0.530527149524097,0.717,0.023,2.10172552250932e-278
"POLD4",3.93117365025153e-75,0.528221593371291,0.296,0.127,7.86234730050306e-72
"NR4A1",5.3441003988083e-112,0.525638082490859,0.872,0.305,1.06882007976166e-108
"ZFP36L2",2.64042470077486e-121,0.525175737315441,0.909,0.274,5.28084940154972e-118
"NME1",4.75901998415422e-71,0.524355830206237,0.882,0.378,9.51803996830843e-68
"C7",0,0.522103605505153,0.867,0.047,0
"HEMGN",0,0.520965442046522,0.784,0.015,0
"C1orf56",1.36060087612115e-106,0.514424854106582,0.845,0.229,2.72120175224231e-103
"KRTAP2-3",1.68200124248754e-44,0.509955475895726,0.189,0.005,3.36400248497508e-41
"AKR7A3",4.888212565692e-130,0.506358271103737,0.181,0.015,9.776425131384e-127
"NOSIP",8.85347838543676e-15,0.500169721841733,0.661,0.239,1.77069567708735e-11
